mID,counts
778700158,983
257346435,947
4820095525,931
257330888,922
568579734,9198
4820361957,917
5015688164,903
661091,896
1119618555,876
4820358467,875
431054159,874
4820137595,871
2424594986,861
4802487721,848
4820233415,820
217833831,8175
6201459631,817
4820294844,804
6201459631,803
4802475937,800
4873175358,799
4802910787,799
4820279445,787
4802500501,787
4820358467,780
4802863150,779
4802864573,772
4820235500,768
1272048,767
257338147,766
4820275344,765
6201459631,763
4820310876,761
4873178313,761
351661454,754
4802475937,752
4802863311,749
6201459631,748
4820003183,747
4802888471,744
4802500501,739
6087718021,737
1302394,734
4802086443,730
4846345465,730
4820183066,730
4802910787,726
4820017067,725
4802125502,719
5777397608,718
5017329882,718
5777359786,716
4820003183,714
5413356793,713
4802475937,711
4820390246,711
4820235553,709
4802473051,708
4802910787,707
4820134488,704
4802479771,700
4820236249,700
1272596,699
4820182804,699
4820361957,697
4802128627,696
4802476989,694
772200996,694
4820794786,693
4873175358,692
4820310876,692
4802892103,689
4802039830,688
4802476989,687
284783779,682
363428200,681
5118955112,679
4820140083,678
4802517766,678
5168862796,677
4820076161,676
4802500501,676
367886059,675
539158843,675
4802474338,674
5128031787,672
4820076161,670
4820076287,668
4802888471,667
4802500501,666
4820092162,665
5777359786,665
4802474017,665
4873175358,664
2097788460,664
4820140083,664
4802476989,664
4820134385,663
4071014884,662
4802483639,662
4802086443,661
6087718021,657
601079922,656
4469327972,655
4802500501,655
6201459631,655
4802910787,654
4802483639,652
4873175358,651
4820211498,651
4820262670,651
4802863311,651
4802888471,649
5777359786,646
5777359786,644
4802039830,641
4802125502,639
4802039830,638
6087718021,637
3135493919,636
6570099,636
1275536,635
5017329882,635
4802039830,634
4802477432,633
4802086443,632
4476657883,631
257502208,630
5777397608,628
4802863311,628
4802039830,628
4802476989,628
4802483639,627
4873175358,626
3584822123,626
4802500501,625
4802086443,625
6568140,625
317346623,625
4802039830,624
4802128627,624
4802910787,624
4802910787,624
1822776,624
4802500501,624
3936545261,623
5115314188,623
257337347,621
4802476128,621
4802479771,621
4873175358,620
3299641544,620
4820240231,619
4802479771,619
376216825,618
4802500501,617
908011,617
4820134488,617
4802128627,615
4873178313,615
766861939,614
4802500501,613
1332109,613
5017329882,612
4802039830,612
4802039830,612
4802039830,611
257395871,610
318363218,610
908322,610
317470591,609
640773423,609
4820326459,609
227418596,608
4802128627,608
1478958061,607
4802506677,607
6640630,606
257338380,606
6609008,605
4802500501,605
4802500501,605
4802039830,604
904166,604
4802039830,603
4802039830,602
4802039830,600
4802910787,599
4802039830,599
6087718021,598
4802477432,597
4873175358,597
6201459631,596
4802151072,595
4479421109,594
4479421109,594
4802910787,594
4802132957,594
317470591,593
1093654,593
4820144491,592
6201459631,592
4802477432,591
317488636,591
4802910787,591
5017329882,589
6087718021,588
6087718021,587
336061916,587
4802475937,586
4802146191,586
317330979,586
4802092023,585
4802086443,584
4802864268,584
5777359786,583
4802500501,582
705622,581
4802476128,580
4820096646,580
4802910787,580
4820076231,580
4802498578,578
4802500501,578
4802146191,578
4802479866,578
4820218652,577
979583,577
6201459631,577
2991282113,577
4820110704,576
2497958300,5758
4802476989,575
3681391347,575
6087718021,575
1268696,574
6087718021,574
4802151519,573
4802476989,573
6912420,573
4802500501,572
5777359786,572
4802146191,572
4873178313,572
5777397608,571
672206,571
5777359786,571
681910,571
6087718021,570
257409935,569
6087718021,569
4802910787,569
4802125502,569
4802910787,569
5017329882,569
1275537,568
317470591,568
4802476989,568
4873175358,568
5482056535,567
6087718021,566
6087718021,566
5351430507,566
1095248,565
318351010,565
631949,565
3582580727,565
478289070,564
4802150882,564
4820359879,564
4802500501,563
4820318661,563
4820136386,563
979583,563
5017317661,563
1303463,563
4802500501,563
257409935,562
4820310861,562
2511817074,561
6608772,561
4802122622,560
4802501726,560
4873175358,558
4802086443,558
4802888471,558
6453653899,558
6087718021,558
4802475937,557
4802136602,557
4802483639,556
4802092023,556
4873175358,556
4802514029,556
4802039830,555
4469979560,555
4802500501,554
4820275344,554
4820233415,554
4802517766,553
4820239047,553
4820095760,553
4802910787,552
979583,552
4842134203,552
4802483639,552
4802909509,551
4802477432,551
6087718021,551
4802517408,551
4802910787,551
4820338069,551
4820181479,551
6453653899,551
4820025580,550
336021527,550
4802479866,550
4802130219,550
4802128627,550
4820076231,549
4802500501,549
4820211498,549
4802483639,549
5015611256,549
697447399,549
4802910787,548
4820373138,548
4820095760,548
4802128627,548
4802476989,548
4802474338,548
979583,548
4802128627,548
4802086443,548
4873178313,547
4802079544,547
4802128627,547
4142759100,546
4820095760,545
4802910787,545
6087718021,545
4802500501,545
1336105,544
4802475937,544
4820074688,544
4802500501,543
4802483639,543
5118782424,543
4802042730,543
4802517766,543
4802477432,543
4802864268,542
979583,542
4802888471,542
4802124009,542
6566737,542
4802483639,541
4802892015,541
4802500501,541
979583,541
4802483639,541
284757906,541
4802500501,541
4820095363,540
4802517766,540
4802467653,540
323143574,540
317497832,540
4802483639,540
4802500501,540
5777397608,540
4802506090,539
4820235086,539
6201459631,539
317497832,539
979583,539
4469198816,539
4820258292,539
2497958300,5381
705753,538
4802952927,538
6087718021,538
979583,538
4802500501,538
979583,538
4802477432,537
6568140,537
4820095760,537
5482056535,537
4802889491,537
798454510,537
6608772,537
4802506090,537
4820025580,537
4802910787,537
4873175358,537
4820186361,537
17503800,537
4802910787,536
4802039830,536
5017329882,536
4802500501,536
1199330016,536
294924601,536
4820095760,536
317497832,536
6201459631,535
4820238636,535
711545,535
4802885186,535
4802478358,535
4820240534,535
227419851,534
4819997869,534
979583,534
125627111,534
4873175358,534
933622343,534
4802500501,534
2497958300,5339
2497958300,5337
4938563404,533
4802910787,533
4820240534,533
6201459631,533
4802506090,533
5777359786,533
4802086443,533
979583,533
4802500501,533
4802483639,533
979583,533
1268752,532
4802506090,532
284757721,532
6608772,532
979583,532
4802500501,531
4802476989,531
4802517766,531
1269585,531
4820155450,531
4802151072,531
4802479771,531
227419851,531
337885666,531
309463631,531
3946325889,5307
602954,530
979583,530
6608772,530
317477913,530
5017329882,530
4802517766,529
6568140,529
4802125502,529
4802500501,529
4802892103,529
4802128627,529
4873175358,529
4802475937,528
660798,528
4802128627,528
979583,528
4802128627,528
4820211498,528
4802910787,527
4802146191,527
4802479771,527
4802039830,527
4820110435,527
4802128627,527
4802909509,527
5175267028,527
2497958300,5260
979583,526
4802474017,526
660769,526
979583,526
6087718021,526
4842134203,526
4802910787,526
6568008,526
4820211498,526
3946325889,5258
2497958300,5255
3890308349,525
4802475937,525
4873175358,525
4820235086,525
4802842149,525
4873175358,525
4802910787,525
6640669,525
4820233415,525
317497832,525
2497958300,5241
6087718021,524
4873175358,524
6201459631,524
4820076642,524
4802086443,524
4358118124,524
4802500501,524
4820025580,524
4817603466,524
660769,524
4802086443,523
4802128627,523
4802500501,523
4802910787,523
4802500501,523
4820144491,523
4820233415,523
979583,523
4802910787,523
4820240534,523
4820235086,523
4802910787,523
6608772,523
4802863311,523
4802910787,523
38663475,523
2497958300,5228
2497958300,5223
2497958300,5220
4820310861,522
4820314713,522
4802086443,522
979583,522
4802910787,522
4802864268,522
2497958300,5219
2497958300,5217
2497958300,5216
2497958300,5212
2497958300,5211
4820092870,521
4802086443,521
4802478358,521
6087718021,521
4802910787,521
4873175358,521
2594137574,521
988789,521
2497958300,5204
2497958300,5201
4820235500,520
4802910787,520
4820358467,520
908322,520
4817603466,520
1274255,520
979583,520
979583,520
4820076231,520
6087718021,520
4802910787,520
4873175358,520
2497958300,5197
2497958300,5196
2497958300,5195
46287904,5193
2497958300,5190
4802500501,519
5015611256,519
4873175358,519
5015725340,519
4820240534,519
6608772,519
4820140083,519
4873175358,519
4802483639,519
4868544361,519
5777359786,519
5777359786,519
4246455252,519
224753559,519
924411698,519
5777359786,519
2497958300,5188
2497958300,5188
2497958300,5186
2497958300,5185
2497958300,5183
2497958300,5181
2497958300,5180
4820074688,518
979583,518
4802483639,518
4820095760,518
4802086443,518
4802477432,518
4802086443,518
4815459946,518
2497958300,5178
2497958300,5176
2497958300,5174
2497958300,5172
2497958300,5171
2497958300,5170
2497958300,5170
4820240534,517
5015611256,517
3349946169,517
6087718021,517
979583,517
4820019870,517
6608772,517
798454510,517
2497958300,5169
350588109,516
4820095760,516
317497832,516
924411698,516
979583,516
4802092023,516
4802863150,516
4873178313,516
4820155450,516
595677,516
798454510,516
5015611256,516
2497958300,5156
2497958300,5156
2497958300,5155
2497958300,5154
2497958300,5152
2497958300,5152
4820058969,515
4802146191,515
6608772,515
903237,515
4802910787,515
979583,515
4820018672,515
6640669,515
4802885329,515
6087718021,515
660769,515
2497958300,5146
2497958300,5145
2497958300,5142
2497958300,5140
924411698,514
5777359786,514
979583,514
4873175358,514
4820320313,514
4082833239,514
660769,514
979583,514
979583,514
6608772,514
4819984634,514
4820211498,514
4873175358,514
4802039830,514
4802910787,514
4802474338,514
4566447404,514
979583,514
979583,514
4820248123,514
2497958300,5136
2497958300,5135
4820211498,513
4873175358,513
4802475937,513
4820074688,513
317497832,513
5777359786,513
4820199831,513
979583,513
4820060364,513
4820436037,513
979583,513
979583,513
979583,513
979583,513
227419851,513
2497958300,5123
6201459631,512
4802910787,512
979583,512
6608772,512
979583,512
4802483639,512
4820144491,512
979583,512
6608772,512
4873175358,512
4817603466,512
227460662,512
6608772,512
3663465286,5117
4802120333,511
4820159452,511
5777359786,511
798454510,511
4802086443,511
4802863311,511
4802500501,511
4820138060,511
4802910787,511
4802128627,511
155314177,511
4820072401,511
4802125502,511
4820076287,511
317497832,511
4820025580,511
6608772,511
798454510,510
4820326459,510
4802128627,510
4802483639,510
979583,510
5777397608,510
4820235086,510
4802146889,510
4820235086,510
979583,510
5777397608,510
924411698,510
4820367467,510
4802910787,509
4820095887,509
4820137538,509
4802500501,509
4802092023,509
4820235086,509
4820289779,509
5777359786,509
6608772,509
4802910787,509
4802478358,509
5777397608,509
4820445919,509
217833831,5088
798454510,508
979583,508
4802886612,508
4820076231,508
4802140024,508
4820235086,508
4802086443,508
4820361957,508
4820381954,508
4873175358,508
924411698,508
660769,508
227419851,508
4820155901,507
4802136717,507
4802477432,507
6567878,507
4820095760,507
4820235086,507
4873175358,507
4820211498,507
4820019870,507
4820211498,507
7254543,507
4802506090,507
4802483639,507
4820110704,507
4802042730,507
979583,507
4820144491,507
4820294844,507
3663465286,5066
217833831,5063
337885666,506
4820095816,506
4820155450,506
979583,506
4802517766,506
4820235086,506
6565078,506
4820251792,506
4820358128,506
979583,506
5015611256,506
6608772,506
4802506090,506
4817603466,506
4820184623,506
5137002965,505
4802892015,505
4802043170,505
979583,505
4820095760,505
4820445919,505
4820028537,505
6608772,505
4802098790,505
4820076231,505
4820235086,505
4802039830,505
4802910787,505
317302940,505
227419851,505
4820234970,504
4802506090,504
257412150,504
4873175358,504
4820240534,504
4802910787,504
4802474017,504
705636,504
979583,504
4802476989,504
979583,504
4802506677,504
4479421109,504
4802885329,503
4802864268,503
4802478358,503
6608772,503
4820184623,503
4820095760,503
5017329882,503
4820247043,503
4820235086,503
979583,503
4802514029,503
4802128627,503
2497958300,5021
798454510,502
4802889491,502
6641712,502
317477913,502
4802128627,502
4820144491,502
284757721,502
4820315682,502
4802500501,502
1303463,502
2497958300,5018
4820289779,501
4802128627,501
4802479866,501
6608772,501
4802483639,501
4802086443,501
1303463,501
979583,501
4802478358,501
4820254605,501
4820144491,501
4802130219,501
4820289779,501
6568140,501
979583,501
2787427803,501
979583,500
979583,500
4820211498,500
4820095760,500
4802039830,500
4820184623,500
4820144491,500
4802477432,500
1274931,500
979583,500
5777359786,500
4817603466,500
4820181479,500
337885666,500
5015611256,500
2622319394,500
5777397608,500
5015611256,500
4820289779,500
4820144491,500
4820381954,499
4820138060,499
4802086443,499
4802910787,499
4820183646,499
979583,499
660769,499
6201459631,498
6608772,498
6608772,498
5015756115,498
979583,498
4820092871,498
4820144491,498
6087718021,498
979583,498
4820240534,498
4820381954,498
6640669,498
4820211498,498
6087718021,498
4820235086,498
4802140024,497
6608772,497
4820025580,497
5015611256,497
4802905480,497
4820211498,497
4820289779,497
4802140024,497
4820289779,497
4820144491,497
4802517766,497
4820095497,497
4802500501,497
4817603466,497
979583,497
1093251,497
4802910787,496
979583,496
4820289779,496
4802910787,496
4802500501,496
5015611256,496
5777359786,496
4802128627,496
4873175358,496
924411698,496
4802128627,496
4820144491,496
4820144491,496
4802910787,496
6608772,496
5015611256,496
2745720035,496
4820235086,495
5118955112,495
6568140,495
979583,495
6608772,495
5777359786,495
4820240534,495
979583,495
979583,495
979583,495
4820144491,495
4820390246,495
4820211498,495
979583,495
6608772,495
4820133029,495
4873175358,495
4802910787,495
6912420,494
4802476235,494
4820240534,494
6568140,494
4802127438,494
4820445919,494
227419851,494
6640669,494
4802125502,494
1437822781,494
4820457161,494
4820181479,494
4802892317,494
4820181479,494
3582580727,494
4820109218,494
5777359786,494
6608772,494
257334320,494
4802910787,493
4873175358,493
4820320313,493
6608772,493
6608772,493
4820320313,493
4873175358,493
6087718021,493
6201459631,493
4820076231,493
4820076287,493
5777359786,493
38663475,493
38663475,493
4802483639,492
227419851,492
4802151072,492
4815459946,492
5482056535,492
5015611256,492
337885666,492
4820028588,492
5015611256,492
4820025580,492
6453653899,492
6201459631,492
5015611256,492
4820211498,492
6087718021,492
4820184623,492
4802474017,492
284757721,492
4802503736,492
4820073645,492
4820133029,492
4820289779,491
4820234970,491
4802506090,491
979583,491
4844666475,491
6568140,491
979583,491
924411698,491
979583,491
4820095760,491
4820076231,491
4802863311,491
4802086443,491
4820235086,491
979583,491
5015611256,491
4802098790,491
979583,491
4819984634,491
4817603466,491
4820181479,491
4802146191,491
4820159452,491
798454510,491
979583,491
4820240534,491
4820222428,491
284757721,491
217833831,4908
6608772,490
979583,490
979583,490
4820076231,490
4802978415,490
5015626000,490
4820095760,490
227419851,490
5137002965,490
5118782424,490
4802146191,490
4802474338,490
979583,490
979583,490
4820144491,490
4802478358,490
979583,490
979583,490
4820235500,490
979583,490
979583,490
4820211498,490
979583,490
2622319394,490
4820320313,489
284757721,489
4802478358,489
4820184623,489
979583,489
4820094952,489
4819997869,489
4802889491,489
4802150882,489
2745720035,489
1303463,489
4802151072,489
6608772,489
4820417270,489
6201459631,489
4820211498,489
4820144491,488
6608772,488
979583,488
4820234970,488
3890204889,488
4820144491,488
4820347938,488
1302587,488
979583,488
798454510,488
979583,488
4802910787,488
660769,488
6565186,488
6608772,488
4820310861,488
6608772,488
4802500501,488
1747526378,488
979583,488
4820235086,488
4820240534,488
4820239559,488
4815459946,488
2622319394,488
4820144491,488
4820184623,487
4820138060,487
38663475,487
4820233415,487
4873175358,487
4844666475,487
4820159452,487
4802478358,487
4802892103,487
6608772,487
4817603466,487
4820144491,487
4802910787,487
227419851,487
6608772,487
5015611256,486
4820076231,486
4820144491,486
4820094952,486
257336012,486
4820103578,486
4820289779,486
4802475937,486
5015611256,486
4820222658,486
4820106869,486
979583,486
6568140,486
979583,486
4802139634,486
4802506090,486
4820181479,486
6608772,486
6608772,486
317497832,485
5242994244,485
5015611256,485
979583,485
979583,485
4820235086,485
4820263011,485
4802140024,485
4820019450,485
4820235086,485
660769,485
4802039830,485
4820235086,485
6608772,485
4820155450,485
4802039830,485
979583,485
4873175358,485
4820294844,485
4820235086,485
6568140,485
6608772,485
4820211498,485
6087718021,485
979583,485
798454510,485
1227286783,485
6640669,485
4820508012,485
4246455252,485
4802952927,484
4802500501,484
979583,484
4820144491,484
4820361969,484
6608772,484
1303463,484
979583,484
6912420,484
4820095760,484
4802475937,484
6608772,484
979583,484
5015611256,484
4820211498,484
4873175358,484
4802892103,484
6608772,484
2622319394,484
227419851,484
979583,484
4820234841,484
979583,484
450799,484
4820285633,483
5015611256,483
4820133029,483
660769,483
4820109218,483
4820320313,483
4873178313,483
4820144491,483
4820320313,483
5015611256,483
4820235086,483
4802952927,483
6201459631,483
6608772,483
4802474017,483
5015839737,483
4802500501,483
4820061208,483
5015611256,483
979583,483
337885666,483
5777359786,483
4802151072,483
4802128627,483
979583,483
4820073645,483
337885666,483
717265,483
924411698,482
979583,482
4820144491,482
4820457161,482
4802086443,482
1331896,482
798454510,482
4802910787,482
4802140024,482
6201459631,482
284757906,482
4802910787,482
4820028497,482
660769,482
6608772,482
660769,482
1302391,482
662203,482
4820217293,482
6608772,482
4820338069,482
4820095760,481
4802467653,481
4820076287,481
4820211498,481
4802910787,481
1429175111,481
924411698,481
4802128627,481
979583,481
1303463,481
2097788460,481
4802467653,481
6608772,481
4820233415,481
979583,481
4820910848,481
5015611256,481
4820025580,481
6608772,481
4802128627,481
4820144491,481
6608772,481
1303463,481
4820144491,481
4802478358,481
979583,481
4842134203,481
4820235086,481
4820144491,481
979583,481
6912420,480
4820184623,480
4817603466,480
660769,480
798454510,480
38663475,480
317470591,480
61024552,480
6608772,480
4820013686,480
2357644740,480
4802498578,480
979583,480
539122187,480
4802863684,480
4820152351,480
4802500501,480
4820235086,480
5015611256,480
6608772,480
4820095760,480
4873175358,480
4820131087,479
4820155901,479
4820233415,479
284757721,479
660769,479
4820211498,479
5015611256,479
660769,479
6608772,479
4802478358,479
6608772,479
4820073645,479
6201459631,479
4820095760,479
6568140,479
4802042730,479
4820457161,479
4820184623,479
4820133029,479
337885666,479
4820076287,479
4820211498,479
1332109,479
979583,479
4820144491,479
4802086443,479
4820289779,479
4820211498,479
227419851,479
4820144491,479
5116299323,479
5118782424,478
6608772,478
4802910787,478
4820358467,478
4302831449,478
4820097459,478
4873175358,478
631949,478
5015611256,478
4820211498,478
6568140,478
4820073645,478
4820381954,478
6608522,478
979583,478
4820263011,478
4820235086,478
4550520892,478
4820235086,478
6608772,478
4817603466,478
660769,478
4820422455,478
4820144491,478
6568140,478
660769,478
1303463,478
979583,477
4802128627,477
660769,477
5015756115,477
4819998974,477
6608772,477
4820095760,477
6608772,477
4802128627,477
4815459946,477
6568140,477
4820211498,477
979583,477
4802886612,477
4820422455,477
6608772,477
4802514029,477
3437368011,477
4802498578,477
284757721,477
682272,477
4817603466,477
4820144491,477
4802086443,477
4820211498,477
5015611256,477
6608772,476
979583,476
4802476128,476
5015611256,476
4802151072,476
4820144491,476
4820314713,476
979583,476
4820097362,476
4815459946,476
4802506090,476
4820099283,476
4820097855,476
4820235086,476
6608772,476
470485660,476
979583,476
4873940397,476
6608772,476
979583,476
6608522,476
4820289779,476
3349203058,476
4820144491,476
4802910787,475
6565403,475
4820095760,475
4802151072,475
4820211498,475
4246497242,475
6608772,475
4842134203,475
6608772,475
4820095760,475
4820204870,475
682981,475
4820211498,475
4820211498,475
6608772,475
4820211498,475
4820320313,475
6912420,475
924411698,475
4246455252,475
4820247043,475
4802910787,475
798454510,475
4820103578,475
4820144491,474
5015611256,474
5115314188,474
4820144491,474
660769,474
4820133029,474
4820155901,474
4820211498,474
4820144491,474
6608772,474
4820095760,474
4820144491,474
6608772,474
1268696,474
4820235086,474
317497832,474
4820445919,474
979583,474
337885666,474
6608772,474
4820095760,474
4820144491,474
4802039830,474
682272,474
4820133029,474
4820437124,474
4820381954,474
317477913,474
3305996421,474
4820095760,474
4820144491,473
227415838,473
4802910787,473
4844666475,473
351612813,473
4820144491,473
6640669,473
4820235086,473
798454510,473
4802489439,473
4820361969,473
4820390246,473
4820144491,473
6568140,473
4820095760,473
5015611256,473
4802864268,473
6568140,473
979583,473
6608772,473
6608772,473
6608772,473
4820320313,473
4820095760,473
4820235086,473
4802498578,473
4820095468,473
4817603466,473
4802892317,472
284757721,472
6568005,472
4802500501,472
5015611256,472
5015626000,472
6201459631,472
227419851,472
4820144491,472
5015725340,472
4820133029,472
4802506090,472
4820144491,472
4820144491,472
4820159452,472
4820211498,472
4820095816,472
4815459946,472
4820211498,472
979583,472
4802476989,472
4802141783,472
6453653899,472
6640218,472
4820212398,472
6608512,472
4820212398,472
4820131087,472
4820320313,472
6608522,472
4820235086,471
4820235086,471
227419851,471
2622319394,471
5015611256,471
6568140,471
6568140,471
4820095497,471
4820181479,471
5015611256,471
6608633,471
4820457161,471
227419851,471
4820029968,471
4815459946,471
4802500501,471
4820358128,471
4802514029,471
5777359786,471
317477913,471
6568140,471
4802132957,471
4802086443,470
660769,470
4820061208,470
631949,470
6608772,470
973289566,470
4246455252,470
284757721,470
5015611256,470
6608522,470
6608772,470
4820235086,470
711545,470
4802500501,470
4802467653,470
4802039830,470
5015611256,470
6087718021,470
4802952927,470
4846345465,470
1274931,470
4820437124,469
5140209560,469
4873175358,469
4820155450,469
5015611256,469
4802886612,469
4820320313,469
4802476989,469
4820073645,469
979583,469
4820095760,469
4820445919,469
660769,469
4820239559,469
4820181479,469
3890308349,469
4802478358,469
4802483639,469
3858903110,469
4820235086,469
4817603466,468
4820159452,468
6912420,468
660769,468
6608772,468
4815459946,468
660769,468
4802506090,468
4820289779,468
979583,468
979583,468
682272,468
4820019870,468
4802864268,468
257407216,468
4820428784,468
4820155450,468
4820152351,468
6608772,468
4802146191,468
979583,468
4817603466,468
979583,468
979583,468
337885666,468
4820155901,468
4820184623,468
4802500501,468
4820144491,468
6608772,468
4820155450,467
3932557225,467
4820233415,467
4820159452,467
4820275344,467
6608772,467
660769,467
4802042730,467
4820152351,467
4820144491,467
6641428,467
979583,467
4820249289,467
4817603466,467
4820235086,467
4820134805,467
4820235086,467
4802905484,467
4820099283,467
1747526378,467
4820144491,467
4820361048,467
4820013686,467
1093251,467
4820094952,467
4820457161,467
6608772,467
4820144491,467
5015611256,467
4820144491,467
4802039830,466
4820235086,466
4820144491,466
4820144491,466
4815459946,466
660769,466
4820235086,466
4820235086,466
4802086443,466
4802124009,466
4820320313,466
4820346650,466
4802483639,466
6608772,466
4802517766,466
4820076231,466
4820019870,466
4820076231,466
4820239559,466
4802910787,466
4820144491,466
4820457161,466
4820156550,466
4820211498,466
4802086443,466
6608772,466
5015611256,466
6608772,466
4820073645,466
4820095497,466
4820445919,465
4820289779,465
4820159452,465
6640669,465
3582580727,465
4820144491,465
4820019870,465
4820095760,465
227419851,465
4479421109,465
4820097093,465
6201459631,465
4820144491,465
979583,465
4820240534,465
4820212398,465
4820156550,465
4820437124,465
4802478358,465
1302587,465
3305996421,465
6608772,465
1274931,465
6608772,465
4820022630,465
4820181479,465
337885666,465
4820212398,465
4802128627,465
1340548,465
1274931,465
4820138060,464
6608772,464
4820211498,464
3858903110,464
5015611256,464
4820075718,464
6608772,464
4820359129,464
979583,464
4820159452,464
227415838,464
979583,464
4815459946,464
979583,464
5015611256,464
4802478358,464
684603138,464
4820235086,464
4302672378,464
6608772,464
4820013686,464
4820437124,464
4820074688,464
660769,464
4873178313,464
4802498578,464
4820270069,464
4802864268,464
4820185434,463
4820076231,463
5015611256,463
6608772,463
4820144491,463
4820437124,463
684603138,463
5015611256,463
3858903110,463
1345558742,463
4815459946,463
4820134385,463
4820184623,463
4802086443,463
5015611256,463
6608772,463
6087718021,463
4802506090,463
5777359786,463
6568140,463
1094139,463
5015611256,463
4819998188,463
4817603466,463
4820254605,462
4820185434,462
4817603466,462
4820358467,462
4820073833,462
4802124009,462
4820159452,462
5017364115,462
4820315682,462
4820445919,462
798454510,462
4820075950,462
4820235086,462
4820097093,462
4802478358,462
4802130219,462
4873175358,462
4802039830,462
4820076231,462
4820212398,462
638368,462
2622319394,462
6608772,462
4820144491,462
3858903110,462
4820182804,461
4820152351,461
6566769,461
6568140,461
6087718021,461
4802863150,461
4820144491,461
6640669,461
4820185434,461
1093251,461
7195344,461
4802888471,461
4820144491,461
4802128627,461
4802478358,461
4820159452,461
4820184623,461
979583,461
4820159452,461
4820095760,461
5015611256,461
4820212398,461
617369746,461
4820156550,461
4820133029,461
4820094952,461
4802039830,461
4820289779,461
4820144491,460
4819997869,460
4820073645,460
4820155901,460
6608772,460
660769,460
4802128627,460
4820144491,460
4802864268,460
4820019870,460
4820445919,460
4819998188,460
4820159452,460
665484,460
4820144491,460
6608772,460
4802506090,460
4802863150,460
6912420,460
5015611256,460
4817603466,460
4820235086,460
4820226730,460
638368,460
4820289779,460
4820144491,460
4820013687,460
4820133029,460
1301820,460
4820910848,460
4820058959,460
5015611256,460
4820095816,460
4820029968,460
4815459946,460
6608772,460
4302672378,460
4820445919,460
5015611256,460
4820144491,459
3932557225,459
631949,459
4820144491,459
682981,459
6087718021,459
979583,459
5015611256,459
4820155901,459
6608772,459
5015611256,459
4820235086,459
5015611256,459
4802500501,459
979583,459
5015626000,459
227414872,459
4820247043,459
4820185434,459
6608772,459
4820095760,459
6568140,459
4820076287,459
4820152351,459
5015626000,459
4802124009,459
6608772,458
4820075718,458
3890308349,458
4820031883,458
4820318661,458
6608522,458
4815459946,458
4820144491,458
5015611256,458
665484,458
257503386,458
5017329882,458
4802039830,458
4820094952,458
6608772,458
4820212398,458
4820131087,458
4820075718,458
4802130219,458
4479421109,458
1345558742,458
660798,458
6608772,458
4820381954,458
4820144491,458
4820235086,458
5015611256,458
4802140024,458
4820028537,458
4820097460,458
1429175111,458
4819997869,457
4820361969,457
665484,457
4802500501,457
337885666,457
4820289779,457
4820289779,457
6608772,457
5777359786,457
4820270069,457
4820093730,457
4820239559,457
4802500501,457
4820061208,457
1515366863,457
5015611256,457
4820152351,457
4820159452,457
4820445919,457
4820211498,457
4802042730,457
4820457161,457
6568140,457
3890204889,457
5015611256,457
5015611256,457
4820097459,457
4820289779,457
6608772,457
4820235086,457
4820099283,457
4820074114,457
5015611256,457
284757721,457
4802143174,457
4820144491,457
4820144491,456
4802140024,456
5015611256,456
4820109218,456
4842134203,456
660769,456
4820247043,456
4820181479,456
4819998974,456
4246455252,456
1274931,456
4820212398,456
4820361969,456
4820457161,456
4820235086,456
5015611256,456
4820159452,456
4820422455,456
4820019870,456
4802475937,456
4820181479,456
631949,456
4820131087,456
5777359786,456
4820155450,456
4802042730,456
4817603466,456
5015611256,456
4819997869,456
5015611256,456
5015611256,456
5015611256,456
660769,456
4820235086,456
4820095760,456
5015611256,455
631949,455
4820361969,455
4820110704,455
660769,455
4820226730,455
4820212398,455
4820013686,455
4802506090,455
979583,455
6608772,455
766857101,455
4820109218,455
4820156756,455
6608772,455
4820159452,455
5015611256,455
2622319394,455
4820029968,455
4820095760,455
6568140,455
4820144491,455
4820289779,455
4820107319,455
337885666,455
4820234841,455
4820074688,455
6912420,455
4820358128,455
2622319394,455
4820013686,455
979583,455
379066194,455
4820235086,455
5015611256,455
4802909509,455
6608772,455
4817603466,454
684603138,454
4802514029,454
6608772,454
4820073645,454
4820310861,454
660769,454
4819998188,454
4820095760,454
4820240534,454
4844666475,454
4820236868,454
660769,454
5777359786,454
284757721,454
4802092023,454
4820095760,454
4815459946,454
6566693,454
4820075950,454
4820095760,454
4820211498,454
4820320313,454
6567823,454
4820094952,454
2622319394,454
4820144491,454
660769,454
5777397608,454
4116915817,454
1273445,454
5777359786,454
5015611256,454
6608772,454
4820159452,454
4820075718,454
6568140,454
4820131087,454
4844666475,454
4116915817,454
4802910787,454
5115314188,454
4820289779,454
4820076287,453
4820131087,453
5773911,453
4820144491,453
4820061208,453
4820211498,453
337885666,453
4844666475,453
4820073645,453
4820315682,453
4820212398,453
4820159452,453
4802474338,453
4820289779,453
4802483639,453
4820152351,453
5303911249,453
6568140,453
4817603466,453
4820235086,453
4820156756,453
6567823,453
4820031883,453
4820131087,453
4802476128,453
4820254605,453
4820235086,453
4820235086,453
4820144491,453
4802885329,453
3932557225,453
4802125400,453
4802130219,453
6608772,453
4802146889,453
4820138060,453
337885666,453
660769,453
660769,453
4820185434,452
5015611256,452
4820240534,452
4820159452,452
4820133029,452
5015626000,452
4116915817,452
6608772,452
4802476989,452
6608772,452
4820011766,452
5015611256,452
4820144491,452
6912420,452
4820180814,452
979583,452
4820076231,452
5015611256,452
4820315682,452
4820235086,452
4820289779,452
4820361969,452
4820076231,452
5015611256,452
979583,452
4820133029,452
4820159452,452
4820144491,452
4820211571,451
4820234970,451
4802514029,451
337885666,451
4820144491,451
4819998188,451
4815459946,451
4820289779,451
97922056,451
4820156756,451
4820076231,451
4820156550,451
5017353096,451
4820211498,451
4820159452,451
6568140,451
4820211498,451
4820289779,451
6608772,451
4820204869,451
4820240534,451
4820235086,451
6608772,451
4802864268,451
4817603466,451
631949,451
4820426474,451
4820138060,451
4820445919,451
4820235086,451
6568140,451
979583,451
5015611256,451
4820212398,451
4820235086,451
5015611256,451
6567823,451
2538148,451
4820144491,451
4820361969,451
4820235086,451
660769,451
4820133029,451
660769,451
3932557225,450
5017353096,450
3932557225,450
4820074114,450
602955,450
4820159452,450
1429175111,450
4802136717,450
798454510,450
6608772,450
1429175111,450
4820144491,450
1301820,450
4820156550,450
4817603466,450
5015611256,450
4820212398,450
7254543,450
4820289779,450
4820102641,450
4820247043,450
4820073645,450
6608772,450
4820320313,450
5777359786,450
660769,450
4820240534,450
595677,450
6608772,450
1429175111,449
4820144491,449
1303463,449
4820185434,449
1301820,449
4820138060,449
6641428,449
227415838,449
4820159452,449
4802910787,449
4820181479,449
4820445919,449
4820184623,449
660769,449
979583,449
924411698,449
4802892317,449
4820133029,449
3858903110,449
4820212398,449
4820144491,449
6608772,449
4820019870,449
4820445919,449
5015611256,449
631949,449
7201081,449
4802885186,449
4820289779,449
4820212398,449
4820102717,449
4820358128,449
4820211498,449
4820144491,449
4820061208,449
4802500501,449
4820181479,449
4820212398,449
4820289779,449
4820144491,449
227419851,448
4820073645,448
4820211498,448
6608772,448
4820247043,448
660798,448
4820095760,448
6608772,448
5015611256,448
6568140,448
4820144491,448
284757906,448
6608772,448
4820168389,448
6608772,448
4820240534,448
4820159452,448
4815459946,448
4820274057,448
4820138060,448
4820092284,448
4820211498,448
5015611256,448
798454510,448
602955,448
1303463,448
4802086443,448
4820155901,448
4820131087,448
4802474017,447
4820096646,447
979583,447
4802151072,447
4820289779,447
2622319394,447
4820073645,447
660769,447
4820156550,447
4820235086,447
4815459946,447
5015611256,447
4820095760,447
5482056535,447
4820131087,447
4820013686,447
6608522,447
4802151519,447
4820910848,447
1271465,447
4820211498,447
4820144491,447
5015839737,447
5015611256,447
1436375474,447
4802039830,447
6608772,447
1093251,447
6608772,447
4820133029,447
979583,447
4819998188,447
6568140,447
4820019870,447
6567823,446
979583,446
4820211498,446
4820155901,446
4820102717,446
5015839737,446
4820235086,446
5015611256,446
4819935267,446
979583,446
4820211498,446
4820144491,446
4820144491,446
4815459946,446
4820018672,446
1274931,446
4802476989,446
4820094952,446
4820320313,446
6608772,446
5015611256,446
4820144491,446
4819998188,446
4873175358,446
4820155450,446
4820240534,446
4820138060,446
979583,446
5015611256,446
6608772,446
568579734,4454
284757721,445
4802863311,445
1429175111,445
4802506090,445
660798,445
660769,445
4820025580,445
4820094953,445
631949,445
4820095760,445
4820185434,445
979583,445
17503800,445
798454510,445
4820155901,445
4820320313,445
4820109218,445
4820138060,445
5015611256,445
4820289779,445
227415838,445
4820254605,445
6608772,445
284757721,445
4820019870,445
4820248123,445
4820184623,445
4820289779,445
6608772,445
660769,445
6608772,445
4819998188,445
4820155450,445
97922056,445
3719632406,445
4820457161,445
5015611256,444
4820144491,444
4116915817,444
5015611256,444
4820211498,444
4820159452,444
4820133029,444
4820144491,444
798454510,444
4819998188,444
4820247043,444
3858903110,444
4820394062,444
6568140,444
5015611256,444
4820181479,444
4820235086,444
4820226730,444
4820226730,444
979583,444
4820212398,444
4820131087,444
4820235086,444
4819998188,444
798454510,444
4820095760,444
4820320313,444
4820235086,444
4820131087,444
4873175358,444
4820095760,444
4820184623,444
979583,444
2622319394,444
4820426474,444
4817603466,444
5137002965,444
4820073645,444
4820109218,444
4820061208,444
4820314713,444
6608772,444
4820445919,444
4820211498,443
4820248123,443
6608772,443
4820445919,443
4820182804,443
4820445919,443
351618630,443
4820133029,443
4820131087,443
4842134203,443
4802905484,443
6608772,443
4820159452,443
4802132527,443
4802885186,443
4820457161,443
4802487721,443
4802130219,443
6567823,443
6608772,443
4820181479,443
4837752655,443
4820109218,443
4820094952,442
798454510,442
6608772,442
4820073645,442
227415838,442
6608522,442
631949,442
4820155901,442
4820095760,442
660798,442
1274931,442
4820159452,442
4820159452,442
4820212398,442
798454510,442
1303463,442
5015611256,442
3593837692,442
4820107181,442
4820144491,442
4820097391,442
4246455252,442
6201459631,442
4820185434,442
4820144491,442
4819997869,442
4820020161,442
4820073645,442
4820390100,442
5015611256,442
4820211498,442
4820155450,442
4820234970,442
4815459946,442
4820144505,441
227415838,441
4820133029,441
4820103578,441
4820181479,441
4820074688,441
4820181479,441
4820445919,441
5115314188,441
337885666,441
4820095760,441
4802500501,441
4820211498,441
979583,441
4820445919,441
4802506090,441
4820445919,441
4820212398,441
4820131087,441
4820235086,441
4820073645,441
4820076231,441
4819998188,441
4820181479,441
4820437124,441
4820019870,441
4820073645,441
5015611256,441
4820091923,441
6567823,441
4820109218,441
4820275344,440
4820417270,440
1274931,440
4820240534,440
4820256950,440
4820212398,440
4820020161,440
4820094952,440
4820445919,440
660769,440
4820235086,440
4820223806,440
4820204869,440
4820076231,440
4820250966,440
4820235086,440
4820133029,440
4820109218,440
4820289779,440
4820211498,440
4820144491,440
4820095760,440
4820240534,440
660769,440
4820289779,440
4802478358,440
4820320313,440
284757721,440
1465138063,440
4819998188,440
46287904,4398
660769,439
4820390100,439
631949,439
4820076287,439
1274931,439
4820131087,439
227415838,439
4820275344,439
4820338434,439
2538148,439
4802039830,439
4802476989,439
4820159452,439
4802892103,439
4820168389,439
1093251,439
4820289779,439
4820159452,439
4820144491,439
6608772,439
4820212398,439
4820095760,439
4116915817,439
665484,439
4820073645,439
4817603466,439
4820093043,439
660798,439
4820289779,439
4820095760,439
4820310861,439
6568140,439
1274931,439
4820235086,439
631949,439
4820131087,439
400360986,438
4820019870,438
4820212398,438
934789707,438
4820248123,438
5015839737,438
4820181479,438
4815459946,438
4820248123,438
4820155450,438
4820131087,438
4820247043,438
5015839737,438
1093251,438
4820137356,438
4820445919,438
4820028588,438
6608772,438
4820235086,438
1303463,438
4820185434,438
1093251,438
4820156550,438
4802483639,438
4820013686,438
4815459946,438
5017329882,438
284757721,438
284757721,438
4820059440,438
4820155450,438
4820211498,438
4820095497,438
4820019870,438
4820235086,438
63672694,438
4815459946,438
4820258292,438
227415838,437
6608522,437
1429175111,437
1274931,437
4820095468,437
4820144491,437
4820059212,437
4820144491,437
4820096649,437
631949,437
4820426474,437
317477913,437
6912420,437
6568140,437
4819998188,437
4802892317,437
603126,437
4820094952,437
4802139634,437
4820326459,437
1303463,437
4820211498,437
4820248123,437
284757721,437
660769,437
4820152582,436
660769,436
979583,436
4820155901,436
6912420,436
4820019870,436
4820144491,436
4820144491,436
4820185434,436
4820152351,436
4820211498,436
4802146191,436
4820094952,436
5015611256,436
4820320313,436
4820102641,436
1345558742,436
4820099283,436
4820445919,436
4820159452,436
4820159452,436
97922052,436
4815459946,436
4820156550,436
4820138060,436
4820152582,436
4820247043,436
3890308349,436
4820144491,436
4820187800,436
284757721,436
4820152582,436
2538148,436
4820211498,436
705636,436
4820133029,436
1093251,436
4820211498,436
6567823,435
4820361969,435
4820248123,435
4820109218,435
4820235086,435
4820289779,435
4820184623,435
4802864268,435
4820181479,435
4820144491,435
4815459946,435
284757721,435
4817603466,435
6640669,435
4820320313,435
431054201,435
4820156550,435
4820144491,435
4820097391,435
672222,435
602955,435
4802128627,435
4820022630,435
4820235086,435
4820144491,435
5015611256,435
4820211498,435
3932557225,435
4820159452,435
4802864268,434
6568140,434
4802127438,434
4820155901,434
227415838,434
4820247043,434
4820095497,434
337885666,434
4820094952,434
1333841,434
4820133029,434
115245415,434
1303463,434
798454510,434
337885666,434
6568140,434
4820250966,434
4820144491,434
4802506090,434
4820235086,434
4820133029,434
4820181479,434
4820184623,434
4820133029,433
4873175358,433
4817603466,433
4802500501,433
6608512,433
4820152351,433
1274931,433
4820152351,433
337885666,433
4820133029,433
4820073645,433
4820159452,433
4820235086,433
4820092870,433
4820211498,433
4820159452,433
1747526378,433
337885666,433
6608522,433
4820235086,433
4820131087,433
284757721,433
665484,433
4820133029,433
4802139634,433
4820159452,433
4820338434,433
979583,433
4820073645,433
4802476235,433
4820457161,433
924411698,433
4820289779,433
631949,433
1301820,433
4820059212,433
4820096646,433
4820092284,432
4820131087,432
6566693,432
4820138060,432
4820144491,432
4820073645,432
5015839737,432
4820211498,432
4820289779,432
82771228,432
3890204889,432
4802500501,432
4802086443,432
4820152582,432
4820135318,432
4820076231,432
4820437124,432
4820144491,432
4820095760,432
4820445919,432
227419851,432
4820185434,432
798454510,432
660769,432
4802130219,432
4820131087,432
4820095760,432
4820445919,432
5015611256,432
4820159452,432
4820144491,432
227419851,432
4815459946,432
924411698,432
4819997869,432
4820075950,432
7254543,432
705724,432
6608772,432
4820211498,431
4820131087,431
4820155901,431
6912420,431
4820155901,431
5015611256,431
4820211498,431
4820240534,431
3890308349,431
4820910848,431
227415838,431
4802478358,431
4820235086,431
5015839737,431
4802506090,431
798454510,431
5015611256,431
6608772,431
4820096646,431
2990442352,431
631949,431
660769,431
1093251,431
1094423,431
2622319394,431
4820074688,431
4820156550,431
284757721,431
4820235086,431
5015611256,431
4820211498,430
4116915817,430
6608772,430
766857101,430
4820095760,430
5017317661,430
4817603466,430
4820073645,430
4815459946,430
4820152582,430
4820361969,430
4820092463,430
97922056,430
4820181479,430
660769,430
4820144491,430
4820131087,430
1093251,430
6567823,430
1301820,430
4820102641,430
4820155901,430
4820239559,430
1093251,430
4820390100,430
4820315682,430
4802863150,430
4820073645,430
4820073645,430
4820185434,430
4820289779,430
4820445919,430
4820289779,430
4820094952,430
4820445919,430
4820211498,430
2622319394,429
4820289779,429
4820075950,429
6567823,429
4820445919,429
5015611256,429
4819998974,429
4820094952,429
4820212398,429
3349754684,429
4820131087,429
4820159452,429
2622319394,429
4820185434,429
4820144491,429
4820211498,429
660769,429
6912420,429
4820445919,429
4820073870,429
6608772,429
4820181479,429
4820320313,429
4820445919,429
4820075950,429
317497832,429
450799,429
4820075950,429
4820152582,429
4820240534,429
4802483639,429
4819998188,429
4820133029,429
4820133029,429
4820144491,429
1429204422,429
660769,429
5017364115,429
6608772,428
4820338434,428
5777397608,428
4820131087,428
660769,428
4820289779,428
4820235086,428
5015611256,428
4820156550,428
1093251,428
4476657883,428
97922056,428
5118782424,428
4820144491,428
4820073645,428
4820159452,428
4820144491,428
284757721,428
5015611256,428
4820073645,428
4819998188,428
4820019870,428
4820107181,428
4820144491,428
4820131087,428
4820289779,428
4820315682,428
4820218652,428
6568140,427
4820184623,427
4820152582,427
4820097460,427
4820180814,427
4820211498,427
6608512,427
284757721,427
4820096633,427
4802910981,427
4820235086,427
4820092463,427
337885666,427
4820212398,427
4820138060,427
4820097362,427
660798,427
5017329882,427
4820222658,427
4820097391,427
4820155450,427
4820226557,427
6566693,427
4820236868,426
4820247043,426
227415838,426
631949,426
4476549437,426
4820097855,426
4820073645,426
4819998188,426
4820109218,426
4820152582,426
4820445919,426
4820156550,426
317470591,426
4820159452,426
4820159452,426
4820156756,426
6567823,426
4820159452,426
4820095760,426
4820250966,426
4820096477,426
337885666,426
284757721,425
660769,425
284757721,425
5115314188,425
4820156550,425
6567823,425
4820094952,425
6912420,425
4820226730,425
4820289779,425
798454510,425
5015611256,425
4820445919,425
4820437124,425
1093251,425
4820075718,425
4820235086,425
4820094952,425
5015839737,425
4820075950,425
4802905484,425
1093251,425
4820159452,425
4820235086,424
6608772,424
1436350719,424
2622319394,424
4820133029,424
4820212398,424
2622319394,424
227419851,424
798454510,424
4820029036,424
4820212398,424
660769,424
2622319394,424
905903,424
660769,424
4868433228,424
4820131087,424
4820289779,423
6608772,423
4820152351,423
4820247043,423
6201459631,423
4820073645,423
5115314188,423
4820181479,423
4820320313,423
431054201,423
4302672378,423
4820109218,423
4802888471,423
4820289779,423
660769,423
4820211498,422
5015611256,422
6566693,422
4815459946,422
4820135318,422
4820095497,422
4820211498,422
4820094952,422
4820289779,422
979583,422
6566693,422
16915974,422
4820094952,422
4820233415,422
4820417270,422
4820144491,422
4820075950,422
4820250966,422
1303463,422
4820289779,422
4820315682,422
2622319394,421
4820144491,421
684603138,421
631949,421
4820093730,421
4820095760,421
3720148066,421
4820445919,421
6566693,421
4820097391,421
4820102717,421
798454510,421
4820289779,421
4820445919,421
4820131087,421
4820289779,421
4820095760,421
2622319394,421
4820059212,421
4820155901,421
4817603466,421
4820226730,421
3858903110,421
4820095760,421
4820144491,421
4815459946,421
4820094952,421
4820144491,420
4802130219,420
4820910848,420
4820073645,420
5015839737,420
4820073645,420
4820181479,420
6568140,420
4820235086,420
4820185434,420
4820155901,420
4820211498,420
4820144491,420
4815459946,420
4820159452,420
4820013686,420
4820107319,420
6608772,420
4820159452,420
4820289779,419
4820076342,419
631949,419
4820131087,419
227415838,419
4820181479,419
4820074114,419
4802467031,419
4820226730,419
4820235086,419
4820131087,419
6608772,418
4820133029,418
5015839737,418
4820445919,418
4820289779,418
4820013687,418
4820445919,418
450799,418
4820289779,418
6567823,418
4820186361,418
1274931,418
4819998188,418
4802130219,418
4820031883,418
6567823,418
4820133029,418
4820338434,418
4820289779,418
4820181479,417
4820289779,417
4820156550,417
4802506090,417
227419851,417
5015611256,417
6566693,417
4802140024,417
4820390100,417
4820235086,417
4820910848,417
1093251,417
4820239559,417
4802863311,417
5137002965,417
6566693,417
4802863311,417
4820289779,417
4820094952,417
4820320313,417
660769,417
4820138060,417
4820289779,417
4820289779,417
6608772,417
5015611256,417
4820445919,417
4820289779,417
1322356,417
602955,416
6608512,416
4820417270,416
4820157095,416
4820131087,416
5777359786,416
227415838,416
4802042730,416
4820181479,416
4820445919,416
4820099283,416
4820289779,416
4820092463,416
4820131087,416
5017329882,416
5015839737,416
4820289779,416
6087718021,416
5015626000,416
4819984634,416
4820134769,416
4820289779,416
6608772,416
4820338434,416
4820059440,416
1272596,416
1345558742,416
4820395564,416
227415838,416
4820095760,416
6566693,416
5015611256,415
4820235086,415
6566693,415
4820144491,415
4820263011,415
4820235086,415
4820157095,415
631949,415
6567823,415
4820013686,415
4820019870,415
4820159452,415
4820092463,415
4820289779,415
631949,415
4820019870,415
4820152582,415
4802500501,415
4820106869,415
4820073645,415
4820131087,415
4820247043,414
4820445919,414
227419851,414
6087718021,414
4873178313,414
4820445919,414
4820075950,414
4820131087,414
1093251,414
4820289779,414
4820131087,414
982412,414
4817603466,414
4820320313,414
1093251,414
6201459631,414
4820250966,414
4820159452,414
4820289779,414
4820013686,414
4116915817,414
660769,413
4820144491,413
4820073645,413
660769,413
4802086443,413
4842134203,413
4820138060,413
4802506090,413
4820289779,413
4820138060,413
4820156550,413
4802150882,413
4819997869,413
97922056,413
4820138060,413
4802517766,413
4820095816,413
1322356,413
4820289779,413
4820155901,412
4820445919,412
337885666,412
4820096567,412
4820131087,412
4820097391,412
4820157095,412
2622319394,412
4476549437,412
3932557225,412
4815459946,412
4820445919,412
4820058969,412
4802092023,412
4820235086,412
4820073645,411
337885666,411
284757721,411
4820109218,411
1301820,411
5777359786,411
4802042730,411
660798,411
4820184623,411
17503800,411
4820159452,411
1093251,411
4820144491,410
4820445919,410
4820076231,410
227460662,410
3890308349,410
4820289779,410
4820156550,410
4820109218,410
4820181479,410
631949,410
4820073870,410
4820320313,410
6087718021,410
4820320313,410
4820096646,410
5015611256,410
3890204889,410
4820320313,410
4820093043,410
4820289779,410
6608772,409
5017353096,409
4820011766,409
5015839737,409
1272596,409
4820159452,409
4820019870,409
4820445919,409
4820211498,409
4820133029,409
2622319394,409
4820320313,408
4820445919,408
6566693,408
431054201,408
4820144491,408
2622319394,408
4802476128,408
4820285633,408
4820320313,408
5115314188,408
4820073645,408
4820074688,408
4820445919,407
4820181479,407
4820133029,407
631949,407
4819998188,407
3890308349,407
4820095816,407
284757721,407
4819998188,406
4820235086,406
4820289779,406
6567823,406
4820131087,406
660769,406
3932557225,406
711950,406
4820289779,406
30790109,406
631949,406
4820445919,406
4802888471,406
5,406
4820289779,406
4820185434,405
4819998329,405
4820211498,405
16915974,405
4819998188,405
4820289779,405
6912420,405
4820095760,405
4820289779,405
6608522,405
4819998188,405
4820144491,404
4820131087,404
4820131087,404
4820133029,404
4820107319,404
4820910848,404
4820020431,404
4820073645,404
766857101,404
4820181479,404
4820289779,404
4116915817,404
4819998188,404
5015839737,404
4820258292,404
631949,404
3720148066,404
4819998188,404
4820131087,403
5015667066,403
227460662,403
711950,403
4820315682,403
704544280,403
979583,403
4820095760,403
6608772,403
4820137356,403
4820095468,403
4820131087,403
6087718021,402
4820250966,402
6608772,402
1303463,402
1301820,402
924386824,402
4820138060,402
6565205,402
4820181479,402
1303463,402
4820152351,402
4820131087,402
4820095049,402
704544280,402
979583,402
4820097379,401
4820289779,401
4820095760,401
4820247043,401
6608772,401
4820910848,401
4820910848,401
660769,401
4820445919,401
4820445919,401
4820131087,401
631949,400
660798,400
4820187800,400
3349754684,400
6566693,400
4815459946,400
4820185434,400
4820445919,400
4820289779,400
684603138,399
4820184623,399
4819997869,399
4820181479,399
4820144491,399
6087718021,399
4820144491,399
4820422455,399
4820155450,398
5777359786,398
4820235086,398
4874535772,398
337885666,398
4820910848,398
4820152351,398
4820073645,397
4820155450,397
4820285633,397
4820156550,397
631949,397
660798,397
4820073645,397
4820091923,397
4820093730,397
4802476989,397
4820107319,397
631949,397
4819998188,396
6087718021,396
4820289779,396
6566693,395
4820445919,395
1747526378,395
4820289779,395
4820338434,394
4820181479,394
6566693,394
4820320313,394
4820159452,394
4820289779,394
4820093043,394
4820159452,393
4820289779,393
4820320313,393
4820144491,393
4820156550,392
4820258292,392
4820289779,392
660769,392
4820445919,392
4820289779,392
4820289779,392
4820211498,392
6608772,391
4820181479,391
4820096567,391
660798,391
631949,390
660798,390
4820315682,390
4820107319,390
4820445919,390
4820073645,390
4820131087,390
4820131087,390
4802146191,389
4820181479,389
4820131087,389
4820155700,388
4820159452,388
4802139634,388
4820181479,388
431054201,387
4802888471,387
3890204889,387
4820258292,387
660769,386
17503800,386
4820212398,386
4820445919,386
4820029036,386
6566693,385
4820138060,385
1302391,385
631949,384
4820211498,384
4820156550,384
4820248123,384
660769,384
4820075950,382
5015611256,382
4820131087,382
4820155901,381
6566693,380
4820445919,380
4820184623,379
4820019870,379
4820131087,378
4820156550,372
4820095760,371
4820445919,371
1274931,370
631949,369
227460662,368
4819998188,364
217833831,3599
4820095887,3273
2677723694,3090
2497958300,2930
778700158,2664
778700158,2658
778700158,2645
778700158,2645
778700158,2636
778700158,2625
778700158,2623
778700158,2619
778700158,2617
778700158,2613
778700158,2608
778700158,2607
778700158,2606
778700158,2605
778700158,2600
778700158,2598
778700158,2597
778700158,2597
778700158,2592
778700158,2586
778700158,2585
778700158,2580
778700158,2580
778700158,2577
778700158,2575
778700158,2561
778700158,2534
778700158,2403
778700158,2345
3663465286,2240
4820095887,2124
778700158,2094
4819990193,2093
778700158,2034
778700158,2026
778700158,2022
778700158,2015
778700158,2012
778700158,1994
778700158,1972
46287904,1959
778700158,1957
778700158,1952
778700158,1938
778700158,1933
778700158,1920
778700158,1913
778700158,1911
4820251792,1907
778700158,1906
778700158,1895
778700158,1894
778700158,1864
778700158,1863
778700158,1861
778700158,1860
778700158,1856
778700158,1853
778700158,1852
778700158,1843
778700158,1840
3663465286,1818
778700158,1815
778700158,1795
317346623,1795
778700158,1783
778700158,1781
778700158,1776
317508385,1743
4820096364,1716
4802086443,1710
257388821,1694
778700158,1675
257410921,1656
257408543,1641
317303086,1633
4802086443,1448
3813419499,1413
778700158,1407
4777128180,1344
4820251792,1330
4802467653,1296
4802910787,1269
6213450684,1258
3349754684,1248
4820235500,1248
257351342,1245
2497958300,1244
4820249289,1241
3663465286,1239
8343395,1207
902931,1202
4820294844,1191
2796955641,1174
4820225987,1173
4820076231,1167
4802128627,1161
4819935267,1156
317477953,1156
5361768622,1148
351638036,1143
351638046,1133
317488629,1126
351625737,1119
4820436037,1111
3671780530,1102
907176,1091
4820181018,1068
4820251792,1026
217833831,10124
217833831,10108
317488583,1010
